Idx,labels
gdb_59377,1.6231666
gdb_14632,4.2574034
gdb_35326,1.5850375
gdb_11448,2.4570184
gdb_35889,4.834446
gdb_4959,1.441317
gdb_69962,1.641757
gdb_18781,3.7437167
gdb_54049,2.381105
gdb_109612,4.0190754
gdb_41260,0.3026415
gdb_45793,3.2709024
gdb_12640,3.0881479
gdb_30932,2.9273276
gdb_98903,2.8599844
gdb_107828,1.5107152
gdb_535,3.5172791
gdb_81829,4.208206
gdb_17369,3.6592684
gdb_87613,3.2229009
gdb_68911,3.9063833
gdb_35289,4.0180755
gdb_77362,3.4902368
gdb_88386,1.5197091
gdb_129719,5.3444333
gdb_58093,2.4389534
gdb_110518,1.9352237
gdb_28629,3.572845
gdb_38713,1.4365737
gdb_108587,1.8145801
gdb_37265,0.15510231
gdb_20647,6.4407015
gdb_15596,1.7257042
gdb_2220,0.30465114
gdb_95629,3.119357
gdb_25876,2.5486007
gdb_63426,1.4720294
gdb_84592,1.5176668
gdb_85145,3.0665424
gdb_107401,2.0731893
gdb_102339,4.001657
gdb_18608,3.3724627
gdb_76204,1.78924
gdb_126805,1.9389943
gdb_117752,1.8278986
gdb_48909,2.623989
gdb_71245,1.6625124
gdb_130019,5.9185867
gdb_78447,0.25122607
gdb_128592,2.857036
gdb_78316,0.249794
gdb_13744,4.5349216
gdb_85316,4.360837
gdb_82417,3.6948879
gdb_99224,7.407775
gdb_6074,8.169227
gdb_33054,3.9749515
gdb_100841,3.367291
gdb_112883,3.416783
gdb_84425,3.4642324
gdb_113891,3.3248181
gdb_130815,2.7721748
gdb_96916,1.6803557
gdb_13686,4.6121526
gdb_116867,3.7152557
gdb_42774,3.1975296
gdb_79069,1.6794215
gdb_69036,2.9673054
gdb_31360,6.454396
gdb_118365,2.971376
gdb_6410,2.0227304
gdb_15011,2.063536
gdb_130613,2.0362213
gdb_17612,2.8385046
gdb_27971,3.1411219
gdb_41491,1.21769
gdb_57444,3.0711942
gdb_120342,1.0434978
gdb_58677,2.8226662
gdb_47757,2.816968
gdb_113525,2.1169705
gdb_132407,2.5460665
gdb_2911,2.7588058
gdb_64324,2.995898
gdb_75307,1.6147856
gdb_122932,2.605452
gdb_59898,2.544528
gdb_87060,4.2665386
gdb_23749,2.2573776
gdb_15091,2.28968
gdb_91999,2.9776988
gdb_29072,2.5988102
gdb_82800,1.9917704
gdb_76344,2.9265003
gdb_53568,0.44083506
gdb_2387,0.41316557
gdb_113250,1.2747765
gdb_52913,1.7720269
gdb_121311,2.4621723
gdb_14829,3.2363858
gdb_93143,2.2019622
gdb_124702,2.2411234
gdb_117874,4.4468846
gdb_3847,3.6153681
gdb_33214,3.6648748
gdb_63485,4.2722445
gdb_14112,2.3476796
gdb_52778,1.7121447
gdb_122610,3.048357
gdb_88169,1.6064638
gdb_2857,1.1791003
gdb_109248,1.5787246
gdb_23340,1.5222261
gdb_97270,2.3914294
gdb_1030,4.266318
gdb_23697,1.5482662
gdb_66529,5.5095015
gdb_10909,3.538115
gdb_9579,2.303749
gdb_89091,1.8270526
gdb_130530,2.8444343
gdb_58794,2.6869864
gdb_119013,1.6661042
gdb_6425,3.9054694
gdb_53671,0.38935435
gdb_129379,6.207559
gdb_24013,3.862428
gdb_30631,2.5260377
gdb_7475,4.360439
gdb_82223,1.5130489
gdb_100611,3.9072309
gdb_123371,2.3446534
gdb_114325,1.682174
gdb_76502,1.7920512
gdb_46794,2.9932742
gdb_16739,3.8066478
gdb_112300,4.243552
gdb_75468,0.38092846
gdb_82947,1.707109
gdb_113636,3.261032
gdb_18916,1.5744168
gdb_36385,1.9515108
gdb_5009,1.3110999
gdb_68331,3.1388142
gdb_35161,3.8363895
gdb_113970,0.8139436
gdb_127743,2.2843308
gdb_99600,0.7799628
gdb_124449,1.0047582
gdb_40396,2.4357405
gdb_124682,2.312551
gdb_101345,1.5915903
gdb_15324,5.0700016
gdb_85057,2.9018407
gdb_124423,4.801242
gdb_128658,1.7080326
gdb_118996,0.28542274
gdb_50606,4.1537457
gdb_10295,2.5393076
gdb_80016,1.751187
gdb_93366,3.370646
gdb_125919,2.285977
gdb_32459,1.6933763
gdb_68751,4.5574217
gdb_90486,1.6522549
gdb_63898,2.1671603
gdb_26765,1.9197215
gdb_102715,0.7924387
gdb_34375,3.6391113
gdb_71648,1.5505661
gdb_19106,1.66406
gdb_8794,2.1413677
gdb_8675,3.8952932
gdb_42054,0.7048451
gdb_127048,2.9540176
gdb_100170,2.3521488
gdb_50409,2.4762795
gdb_80323,2.2909155
gdb_28797,1.9923404
gdb_62382,3.6232245
gdb_122329,0.9311725
gdb_103701,4.1130643
gdb_59742,3.7548351
gdb_28034,1.5537549
gdb_108683,3.8045459
gdb_86675,2.7298856
gdb_74849,0.4705857
gdb_18808,1.3786066
gdb_67393,3.1702795
gdb_15002,1.5956396
gdb_78991,1.2833296
gdb_73198,2.9337885
gdb_31451,4.553097
gdb_70317,1.5308787
gdb_14274,1.4099865
gdb_124232,1.9177934
gdb_28917,2.0509417
gdb_89708,2.7234924
gdb_83654,1.9393728
gdb_73602,4.410962
gdb_84942,3.1507835
gdb_23391,0.9687916
gdb_85788,3.791565
gdb_13869,1.8279723
gdb_36746,2.3569279
gdb_45825,2.0921342
gdb_108909,4.0793734
gdb_77429,2.4452858
gdb_34903,4.9223967
gdb_24241,1.9808517
gdb_6911,2.0437741
gdb_86437,1.5423019
gdb_97018,2.5074048
gdb_34557,2.0274029
gdb_53446,1.426173
gdb_76834,2.589056
gdb_71375,2.5845103
gdb_120319,1.3005856
gdb_20940,4.2240973
gdb_17486,1.592153
gdb_72798,1.273927
gdb_172,1.1926157
gdb_98685,2.3154805
gdb_37579,1.7210225
gdb_27935,5.423087
gdb_62616,1.6881672
gdb_125493,3.058359
gdb_131570,2.7172294
gdb_71738,1.4931556
gdb_120577,1.5913013
gdb_57876,3.2624593
gdb_118249,1.5734226
gdb_130876,2.8281188
gdb_118275,4.6158276
gdb_32673,1.9737184
gdb_80359,0.7039391
gdb_121386,1.6866297
gdb_28426,0.97409606
gdb_131228,2.2765179
gdb_92874,4.628768
gdb_89779,3.9863536
gdb_28696,2.7109928
gdb_77036,4.9916143
gdb_28592,2.5717964
gdb_55672,5.187777
gdb_29968,4.7681046
gdb_19789,2.5158274
gdb_66511,3.2579613
gdb_21997,1.3939563
gdb_82037,2.710977
gdb_71353,1.7677937
gdb_38151,1.6350497
gdb_93250,2.202822
gdb_72874,3.0667894
gdb_55517,3.6300044
gdb_85345,3.8529983
gdb_98057,2.9214365
gdb_64044,1.3065449
gdb_126461,3.0613446
gdb_13147,2.3088932
gdb_61798,2.9684825
gdb_3369,1.5069828
gdb_91980,1.4841862
gdb_43166,2.5885706
gdb_69191,2.636434
gdb_47862,5.055073
gdb_37402,2.4759216
gdb_1069,1.5853708
gdb_71646,1.6079332
gdb_20621,2.6703196
gdb_29338,1.7575086
gdb_58788,3.0978146
gdb_115846,2.1153874
gdb_30673,2.2204456
gdb_84329,2.879726
gdb_44494,3.729959
gdb_46852,5.323821
gdb_57361,3.945381
gdb_38503,2.202066
gdb_51736,3.697586
gdb_12106,1.8186482
gdb_5799,3.9012127
gdb_100278,2.8333702
gdb_122106,2.1193936
gdb_114741,1.9797124
gdb_81409,4.079431
gdb_47265,2.997006
gdb_3985,3.059628
gdb_45559,3.200921
gdb_65292,1.613103
gdb_60822,2.9536512
gdb_48612,1.9543943
gdb_81855,1.9424368
gdb_94527,2.5822306
gdb_97317,2.5003862
gdb_74751,1.5983493
gdb_127600,3.669467
gdb_57456,2.0377297
gdb_125842,2.5932722
gdb_53664,0.3888607
gdb_59342,2.0580134
gdb_79297,2.254693
gdb_120184,3.1173
gdb_116944,2.0841498
gdb_19065,1.5286458
gdb_130734,1.8787104
gdb_33487,5.814801
gdb_124642,3.9650564
gdb_124250,2.1269088
gdb_83345,2.3694134
gdb_98144,3.6910675
gdb_54302,2.4400334
gdb_45794,3.1789718
gdb_95832,1.7790648
gdb_55966,2.0247247
gdb_112705,2.2131228
gdb_124720,4.5564337
gdb_45618,3.0313644
gdb_99194,3.5434043
gdb_100359,4.2843027
gdb_73825,3.0626445
gdb_91368,0.38512242
gdb_1801,2.3320498
gdb_120562,1.9661299
gdb_19884,2.1598978
gdb_46046,3.7325468
gdb_58287,3.9841316
gdb_105573,4.908185
gdb_49428,3.39753
gdb_45261,3.842478
gdb_4167,1.4857167
gdb_1868,3.8321078
gdb_69652,1.6853832
gdb_79081,1.6475362
gdb_58516,2.2570992
gdb_85991,2.0066042
gdb_20021,2.114046
gdb_9270,4.1792355
gdb_6084,0.31474173
gdb_34089,1.866797
gdb_98192,2.5940652
gdb_46903,4.3177967
gdb_44655,4.643684
gdb_69663,1.3428053
gdb_129214,1.8134937
gdb_60474,4.2470365
gdb_14929,3.8171146
gdb_64687,3.932049
gdb_123952,2.5831125
gdb_87628,1.885207
gdb_102698,2.9169846
gdb_939,1.2245833
gdb_109148,1.6402582
gdb_873,2.1658306
gdb_26416,3.700266
gdb_95512,2.2391884
gdb_129700,1.9184626
gdb_45089,2.2995467
gdb_9022,3.7834167
gdb_44310,3.2688057
gdb_17522,1.0700347
gdb_59687,4.2047634
gdb_116047,1.1161624
gdb_81889,3.0990293
gdb_82389,1.8965346
gdb_132297,5.4367633
gdb_81908,3.587657
gdb_56219,7.388324
gdb_44531,5.029749
gdb_132481,1.7292255
gdb_99197,2.2431645
gdb_111055,1.003922
gdb_82587,1.5028635
gdb_103712,3.933886
gdb_33517,0.7976085
gdb_24789,4.948241
gdb_47282,2.648778
gdb_130394,4.0156937
gdb_91167,1.6306717
gdb_108133,2.432238
gdb_131638,2.6817815
gdb_55415,3.5043306
gdb_112693,3.080192
gdb_120932,1.9335033
gdb_3361,2.2467408
gdb_71365,1.4699878
gdb_78705,1.9862994
gdb_66533,1.4183666
gdb_80021,1.2165073
gdb_106104,2.014017
gdb_83684,4.171042
gdb_58300,1.5482047
gdb_109289,3.7405396
gdb_90444,1.7027154
gdb_71089,2.963735
gdb_33077,1.3625749
gdb_131551,3.8808734
gdb_41319,1.6516806
gdb_92809,3.5156436
gdb_97650,1.4755558
gdb_109080,2.3587627
gdb_92852,2.6967316
gdb_33343,5.1216536
gdb_86536,1.8865938
gdb_11593,4.0937977
gdb_67215,0.21256006
gdb_60690,2.2990065
gdb_129152,3.699039
gdb_77792,2.4031851
gdb_98546,3.074467
gdb_68491,1.6339726
gdb_113592,2.2102346
gdb_66544,3.687613
gdb_27810,3.7975492
gdb_50497,3.6043286
gdb_93540,3.4968941
gdb_37128,1.5624943
gdb_4912,1.1910514
gdb_3203,3.0376506
gdb_110890,2.0550165
gdb_13865,5.744737
gdb_130123,2.51299
gdb_118884,1.559151
gdb_28873,1.1469665
gdb_29048,2.3303308
gdb_121499,2.3972092
gdb_124482,2.9780684
gdb_61271,4.731187
gdb_109923,1.2888492
gdb_10108,4.4949083
gdb_4494,1.3620158
gdb_69197,5.1367474
gdb_31857,1.5109609
gdb_70628,1.636417
gdb_100438,2.3823698
gdb_45464,4.1017666
gdb_126974,2.6169431
gdb_49826,3.1958694
gdb_58072,4.333992
gdb_120575,1.4179227
gdb_118555,2.859745
gdb_22257,0.6918158
gdb_50836,4.1193976
gdb_127905,3.9631457
gdb_26333,2.320417
gdb_76504,1.8392142
gdb_3081,1.4553323
gdb_8479,1.7085397
gdb_118607,4.6081157
gdb_32489,4.894237
gdb_91441,4.050669
gdb_83008,1.9823755
gdb_30574,3.362278
gdb_113843,2.8115292
gdb_104102,3.6476803
gdb_77992,1.4291865
gdb_96464,1.8763565
gdb_14140,1.399289
gdb_72312,3.1887712
gdb_41822,1.9774979
gdb_63303,3.3359275
gdb_64284,1.5716971
gdb_76829,3.1327603
gdb_22033,2.0620503
gdb_75730,3.4607577
gdb_9763,2.1693082
gdb_96483,1.6910595
gdb_130473,3.1413386
gdb_8623,1.9113935
gdb_15736,4.278124
gdb_91769,1.8772081
gdb_96167,1.7479674
gdb_72860,1.7311525
gdb_92451,1.5293301
gdb_103047,4.442303
gdb_75977,2.1535327
gdb_70838,1.6988671
gdb_93054,3.2289946
gdb_108318,1.7385219
gdb_90326,1.972766
gdb_100858,4.811745
gdb_105304,2.2292066
gdb_52822,3.1919296
gdb_94314,1.9368372
gdb_50591,2.885745
gdb_97827,3.1309195
gdb_83843,2.2223718
gdb_7296,3.0701356
gdb_86052,3.099915
gdb_19642,3.380025
gdb_53147,0.40172017
gdb_78204,4.438199
gdb_42523,3.8800664
gdb_90130,1.723548
gdb_120121,3.357361
gdb_127401,3.9924226
gdb_26107,4.1776896
gdb_78152,4.246745
gdb_84214,2.189128
gdb_20006,3.6276493
gdb_123076,0.36720115
gdb_10230,1.9115237
gdb_98688,3.1112623
gdb_95696,3.6972966
gdb_76134,3.4051552
gdb_15436,1.3301948
gdb_26568,3.370813
gdb_128419,3.3598213
gdb_94036,1.5444018
gdb_62074,2.3875847
gdb_20207,0.3264603
gdb_65511,1.881974
gdb_68806,4.2326617
gdb_18095,0.2315132
gdb_32348,6.1399593
gdb_77104,4.5086865
gdb_40040,1.7011665
gdb_112826,2.0730534
gdb_13582,4.433163
gdb_3249,1.7391791
gdb_104317,1.6206592
gdb_67900,3.9978986
gdb_12784,1.1246424
gdb_53696,1.0465845
gdb_24629,2.5073876
gdb_122727,1.1908258
gdb_95489,3.0432537
gdb_68750,3.7986083
gdb_73748,1.7427566
gdb_6167,3.9266872
gdb_94442,2.2216713
gdb_123259,1.4065806
gdb_97176,2.8562622
gdb_116104,2.5417366
gdb_133760,2.2959163
gdb_36959,2.305014
gdb_8415,1.9441736
gdb_57144,4.433135
gdb_125147,5.0627246
gdb_128264,5.532511
gdb_90076,0.32111788
gdb_131907,5.614063
gdb_19945,2.7556999
gdb_114658,0.2876165
gdb_97615,2.4829793
gdb_13850,7.3913116
gdb_93569,2.893503
gdb_80030,1.9200159
gdb_72286,1.7336003
gdb_93047,1.8931416
gdb_54487,9.325612
gdb_24500,5.042674
gdb_37088,2.268077
gdb_10413,1.1574352
gdb_90503,3.1765094
gdb_64168,1.6843631
gdb_22095,1.7048413
gdb_117207,2.5278823
gdb_106774,2.056382
gdb_23542,2.804894
gdb_41480,1.5612104
gdb_26252,1.8604405
gdb_100806,3.8776727
gdb_115893,2.0216904
gdb_79134,2.0647392
gdb_125440,3.0567005
gdb_49025,3.0930305
gdb_117888,1.4450625
gdb_105143,1.6781914
gdb_114215,2.3817878
gdb_51232,2.8609374
gdb_15527,0.9206893
gdb_114391,1.6820235
gdb_84629,2.4701085
gdb_85915,1.4373378
gdb_114887,0.29558808
gdb_776,-0.053060926
gdb_128645,2.035688
gdb_34542,4.329422
gdb_97905,3.48441
gdb_115273,1.8154309
gdb_108283,2.8337448
gdb_29681,4.732936
gdb_2434,1.5402336
gdb_46220,4.9906197
gdb_80902,1.9031277
gdb_85022,1.6208451
gdb_10061,2.4812484
gdb_85959,4.8759556
gdb_81437,2.058614
gdb_8184,2.0234983
gdb_76885,1.8557352
gdb_82667,3.321353
gdb_5205,1.7637104
gdb_572,1.4921016
gdb_9953,2.449247
gdb_32679,2.005297
gdb_53229,4.1023126
gdb_129588,2.643777
gdb_25444,4.418517
gdb_35959,1.5135893
gdb_85729,3.9540477
gdb_6836,2.5902395
gdb_108489,2.3929513
gdb_26746,3.6375742
gdb_112155,3.8389559
gdb_49806,5.4276295
gdb_67352,4.153343
gdb_9292,4.8836703
gdb_51608,4.7099977
gdb_65020,5.1393375
gdb_62333,4.6738515
gdb_125712,2.2884457
gdb_95588,0.3241626
gdb_12828,1.9015391
gdb_117583,3.5209513
gdb_10223,1.5405955
gdb_92397,3.736511
gdb_19140,2.1889415
gdb_73109,5.094249
gdb_12171,2.8026564
gdb_68626,4.0885053
gdb_104306,1.5856434
gdb_4537,1.3902559
gdb_33262,2.2324152
gdb_1325,4.3795047
gdb_68650,2.4944062
gdb_13437,4.5173135
gdb_128751,2.997056
gdb_51309,4.334881
gdb_112093,2.4339013
gdb_97703,4.2441435
gdb_44932,2.7766929
gdb_23355,1.5849905
gdb_125477,5.4860535
gdb_68515,2.238714
gdb_29321,1.7946804
gdb_29640,3.1961615
gdb_19440,1.9898943
gdb_117322,4.764417
gdb_15225,1.635335
gdb_78088,1.814374
gdb_35029,3.993576
gdb_28210,1.6943326
gdb_101426,2.842187
gdb_88164,2.0582638
gdb_116296,2.2031913
gdb_54454,2.36756
gdb_81369,2.2302723
gdb_100981,1.6320062
gdb_116556,2.2268467
gdb_79993,0.31980515
gdb_44305,5.9188523
gdb_119983,1.343797
gdb_97147,2.996148
gdb_121320,2.7727664
gdb_130581,2.0992923
gdb_4943,1.4676021
gdb_24146,1.2693533
gdb_12350,1.6056696
gdb_94841,1.8732432
gdb_62418,3.54921
gdb_25127,1.823021
gdb_115007,1.6679381
gdb_49664,4.5616074
gdb_111557,1.8412781
gdb_94549,2.1029277
gdb_44608,2.6014047
gdb_69168,3.4290073
gdb_133495,2.4202247
gdb_17139,1.8391191
gdb_47035,3.1375084
gdb_25396,2.8773708
gdb_47513,4.3179703
gdb_2352,3.2670581
gdb_35488,4.090509
gdb_15486,4.6032743
gdb_32825,2.5175705
gdb_1076,2.1236887
gdb_36389,4.1022997
gdb_99558,1.5524322
gdb_125060,3.973861
gdb_106778,0.9988504
gdb_133053,2.0899432
gdb_71772,1.7213062
gdb_10545,4.757655
gdb_64146,3.7701697
gdb_85130,2.9050806
gdb_73718,1.360581
gdb_21340,2.0858173
gdb_120062,2.0488362
gdb_129345,3.122927
gdb_33912,3.7557068
gdb_124973,3.2230532
gdb_87500,1.8757564
gdb_77319,3.5180614
gdb_74510,3.5096817
gdb_114698,1.7303072
gdb_39375,1.5166733
gdb_36010,3.395708
gdb_55084,2.6186478
gdb_9761,2.157912
gdb_93594,2.4059715
gdb_64149,2.4309583
gdb_114446,0.24983555
gdb_131111,2.6806996
gdb_99713,2.894386
gdb_117357,2.4651837
gdb_39964,1.7539468
gdb_52883,2.493547
gdb_4300,2.8056278
gdb_9329,3.3388832
gdb_84829,1.7192415
gdb_34970,1.7824063
gdb_107976,1.7294091
gdb_71524,4.7108746
gdb_6002,2.0803022
gdb_132583,1.0136932
gdb_100618,4.444139
gdb_63250,1.2217205
gdb_33910,4.295143
gdb_71441,2.340374
gdb_47519,2.745015
gdb_19252,4.2333064
gdb_77102,4.520449
gdb_91692,3.039157
gdb_14,1.4307522
gdb_82517,1.8989618
gdb_112471,2.403741
gdb_95231,1.6741304
gdb_43866,4.263383
gdb_42779,2.6942916
gdb_66862,1.1718847
gdb_61703,3.538191
gdb_30078,3.083564
gdb_43561,4.529969
gdb_120123,2.61579
gdb_82592,1.5707468
gdb_128643,2.5722547
gdb_21005,1.7599462
gdb_34965,3.3232927
gdb_38874,1.71021
gdb_129829,4.9510245
gdb_82910,2.002945
gdb_51396,4.190175
gdb_47309,2.628191
gdb_8973,2.047066
gdb_40512,1.743645
gdb_37621,1.1400346
gdb_74218,4.5156937
gdb_37345,1.9573529
gdb_61744,3.9201276
gdb_118305,2.9391892
gdb_118885,1.9312207
gdb_57993,4.506544
gdb_88779,2.1025229
gdb_54945,4.320007
gdb_94624,2.045493
gdb_51092,3.4240043
gdb_10435,2.926236
gdb_79447,1.5330997
gdb_23317,1.4802538
gdb_109704,1.7660879
gdb_19752,0.2629456
gdb_70448,1.6704932
gdb_85335,5.076331
gdb_42380,3.5734582
gdb_115577,2.3279593
gdb_110679,2.138907
gdb_92950,2.714958
gdb_93153,3.7187328
gdb_109219,1.843179
gdb_123379,1.7710646
gdb_20130,2.0882072
gdb_11222,4.627122
gdb_45266,4.2352014
gdb_48028,5.053711
gdb_36819,4.790868
gdb_126125,4.155107
gdb_115979,4.2615905
gdb_8218,3.0599804
gdb_86018,1.5772339
gdb_18848,3.5435226
gdb_7306,7.3277607
gdb_128130,2.4954767
gdb_130142,2.7345085
gdb_54922,3.2234037
gdb_41521,2.9756231
gdb_91287,4.5650864
gdb_98350,3.8339953
gdb_14896,4.501361
gdb_86547,1.9996185
gdb_102707,4.614275
gdb_75591,2.209529
gdb_72214,1.569913
gdb_77636,1.3679833
gdb_49587,4.032454
gdb_70417,2.2142928
gdb_113577,1.288124
gdb_71499,3.1876936
gdb_64927,0.42541254
gdb_130087,2.802447
gdb_13218,2.107015
gdb_71050,0.8740612
gdb_402,1.8636621
gdb_78765,1.3020148
gdb_82774,2.035573
gdb_114980,3.3741946
gdb_84391,1.8940225
gdb_8078,2.2530956
gdb_18492,5.0335913
gdb_64090,3.4490547
gdb_29838,6.3093195
gdb_31420,3.1330998
gdb_62697,1.5439693
gdb_111407,1.3728591
gdb_116627,3.7710361
gdb_78160,3.5510912
gdb_81673,3.0082119
gdb_27246,2.4639702
gdb_38448,1.6310374
gdb_10599,2.622576
gdb_11819,3.8318248
gdb_40391,2.2236757
gdb_447,3.9606795
gdb_92908,2.1171832
gdb_106473,3.61379
gdb_107035,0.4852736
gdb_129221,1.9108635
gdb_120745,1.369178
gdb_40674,1.4152749
gdb_23478,1.8943895
gdb_115614,2.7245195
gdb_90473,2.8700323
gdb_105743,3.6451304
gdb_12371,1.5807137
gdb_91416,1.5153475
gdb_75902,3.908441
gdb_14842,3.5642962
gdb_127307,4.6168213
gdb_49987,2.383451
gdb_44371,3.9003668
gdb_84142,1.5037705
gdb_94025,1.4662699
gdb_113907,3.3996968
gdb_112708,0.32385534
gdb_18110,1.7447765
gdb_121996,3.0728407
gdb_128653,2.6621141
gdb_106980,2.3824878
gdb_121364,1.7441994
gdb_96260,1.4121261
gdb_21278,2.0257134
gdb_80613,0.27192986
gdb_75915,3.949357
gdb_107382,4.2017126
gdb_88360,1.3838817
gdb_35668,3.941629
gdb_32100,2.0857396
gdb_121388,2.6248965
gdb_73252,2.2975132
gdb_72904,1.4186081
gdb_5276,1.8341018
gdb_121989,2.8309126
gdb_112477,3.9642098
gdb_123616,3.310061
gdb_126443,1.1967257
gdb_68958,2.627459
gdb_7409,3.1612701
gdb_109041,2.2130165
gdb_126485,3.4107833
gdb_11294,3.7121153
gdb_73095,3.0592337
gdb_1627,3.9204254
gdb_127687,3.2976956
gdb_117368,3.822767
gdb_42482,4.6939297
gdb_45562,4.1160283
gdb_64528,2.373304
gdb_103379,1.780708
gdb_11669,2.4891706
gdb_81633,2.8791292
gdb_108663,1.6268339
gdb_89941,3.389112
gdb_84904,2.007908
gdb_45759,3.1470406
gdb_91729,3.6160626
gdb_29864,5.9883738
gdb_116094,3.3874395
gdb_125992,2.8414018
gdb_82680,3.3939693
gdb_116208,1.9387835
gdb_103621,2.3460476
gdb_68417,1.6652371
gdb_46756,5.5737624
gdb_93085,1.6978343
gdb_9815,2.2501724
gdb_66772,1.4874355
gdb_4764,3.914925
gdb_120096,1.6126435
gdb_126705,6.322813
gdb_104213,1.6945933
gdb_52161,3.2680202
gdb_549,1.7850412
gdb_48191,0.16722387
gdb_38288,1.6519041
gdb_81803,1.7426947
gdb_22861,2.1143708
gdb_46496,4.742869
gdb_60272,1.4440839
gdb_80319,1.8804845
gdb_19477,1.7051512
gdb_26853,4.0864706
gdb_43694,2.874882
gdb_55024,3.0040739
gdb_80166,4.863638
gdb_61238,4.5815153
gdb_100880,1.1286131
gdb_58662,4.07425
gdb_129118,1.6169926
gdb_39654,1.6777114
gdb_3433,0.4099661
gdb_95092,1.683249
gdb_41505,1.6981868
gdb_86375,4.08932
gdb_119498,1.689874
gdb_107359,3.5097117
gdb_36883,1.4904112
gdb_47344,2.6558814
gdb_130705,3.1118503
gdb_69138,4.2104855
gdb_92926,2.880907
gdb_11343,6.714726
gdb_64113,1.5768024
gdb_129844,4.2664633
gdb_64726,4.312886
gdb_16028,1.5870506
gdb_113673,3.0184374
gdb_107187,2.145543
gdb_55181,3.248036
gdb_121854,1.6634551
gdb_21272,2.4856017
gdb_96881,2.6950197
gdb_31871,1.945927
gdb_13036,2.1482058
gdb_88158,1.362123
gdb_114724,2.9718823
gdb_43923,3.7473774
gdb_33622,4.114509
gdb_120454,2.2053785
gdb_87882,1.9859368
gdb_14932,3.2753992
gdb_80144,2.404466
gdb_99540,3.6246393
gdb_33523,5.173307
gdb_84804,1.7449218
gdb_32105,1.9854325
gdb_129505,3.9071033
gdb_97495,3.2027545
gdb_93062,1.5436226
gdb_963,1.3569773
gdb_129978,5.223089
gdb_84518,1.9430053
gdb_63936,1.6887993
gdb_76934,3.874641
gdb_127999,2.403595
gdb_112928,1.6520227
gdb_56177,3.9486637
gdb_50507,2.533688
gdb_84599,3.7631168
gdb_132209,5.3043795
gdb_103593,1.7011327
gdb_122951,0.89718837
gdb_88891,2.7917588
gdb_13620,2.9168441
gdb_123369,5.4093857
gdb_50946,3.8015535
gdb_91480,4.533768
gdb_51564,3.170006
gdb_81717,3.654148
gdb_38676,0.25983846
gdb_5469,5.054417
gdb_35794,3.6633682
gdb_127624,3.0149314
gdb_12929,2.1722097
gdb_803,1.0567709
gdb_117527,4.191379
gdb_67925,4.5613384
gdb_55627,3.2621174
gdb_14579,4.2578015
gdb_4949,5.2317877
gdb_1244,1.6621029
gdb_76551,1.7675474
gdb_53207,1.9755799
gdb_89497,1.7069048
gdb_33412,4.4242153
gdb_38834,1.5566441
gdb_112727,1.2496277
gdb_39724,1.6105752
gdb_42046,1.6300166
gdb_22917,1.1555332
gdb_92253,1.9176403
gdb_59272,1.9555801
gdb_125304,2.1234627
gdb_107547,2.9424582
gdb_83739,1.652079
gdb_10182,3.9597065
gdb_52526,3.8500545
gdb_18819,2.0558999
gdb_129525,3.7100556
gdb_6868,1.8926808
gdb_111214,1.3087562
gdb_87303,1.5196906
gdb_72023,1.484996
gdb_57362,1.6230183
gdb_50982,3.0648248
gdb_45232,3.0842519
gdb_85181,3.5235996
gdb_54574,2.5977187
gdb_6376,3.098886
gdb_54440,3.3921504
gdb_23322,1.7808487
gdb_101769,4.06119
gdb_41927,1.873052
gdb_22297,2.4402947
gdb_56960,4.038175
gdb_133826,1.8286675
gdb_57180,2.753304
gdb_4995,3.8918402
gdb_24522,1.1739434
gdb_51653,4.0276
gdb_6617,1.4063321
gdb_24536,4.3313284
gdb_93183,4.4874725
gdb_74767,1.5757798
gdb_121542,1.0040267
gdb_93409,4.897669
gdb_65472,1.3625581
gdb_48849,2.8846972
gdb_48175,3.3951378
gdb_39481,2.408893
gdb_16370,2.071066
gdb_221,3.5957427
gdb_129764,3.5340247
gdb_84362,2.609616
gdb_2065,5.1056414
gdb_62232,4.7053638
gdb_56555,4.111494
gdb_17316,1.4449849
gdb_14231,1.6697656
gdb_123558,5.3021164
gdb_63298,3.8550763
gdb_54339,2.2550871
gdb_8269,1.6756828
gdb_119213,1.7700688
gdb_105659,4.09832
gdb_108225,0.37421978
gdb_22378,0.88655144
gdb_75555,1.3420674
gdb_91602,2.4665926
gdb_70795,1.4890686
gdb_68344,1.7571653
gdb_58696,3.7778223
gdb_114122,1.4210304
gdb_82493,1.9115766
gdb_74924,1.7640481
gdb_93531,3.008484
gdb_45116,5.0533643
gdb_107355,3.7891784
gdb_9307,1.0754179
gdb_128563,3.2216663
gdb_105983,1.5856402
gdb_100903,1.8805952
gdb_115632,1.8312353
gdb_105711,3.7769895
gdb_115738,1.8556372
gdb_89084,3.8322492
gdb_11759,2.0655682
gdb_52683,1.7341038
gdb_99499,4.342667
gdb_84793,2.5244112
gdb_114833,1.5232781
gdb_101312,3.1896458
gdb_127839,3.1194153
gdb_81343,1.523038
gdb_53135,3.2877002
gdb_23444,1.6394554
gdb_126614,2.1181574
gdb_31084,1.3168405
gdb_11399,1.6601493
gdb_56143,3.1215339
gdb_19274,2.3381565
gdb_15573,3.2320433
gdb_1753,1.0831546
gdb_91508,2.3232746
gdb_52249,3.4062126
gdb_117226,3.2361958
gdb_91763,1.9797062
gdb_62441,1.7253219
gdb_121339,2.2367587
gdb_35937,4.0267
gdb_41100,1.332562
gdb_108667,1.7041569
gdb_69290,4.788603
gdb_66637,1.3321713
gdb_38807,1.6395241
gdb_98287,2.2942395
gdb_122976,1.8784417
gdb_133009,2.2985196
gdb_69885,1.794875
gdb_107346,2.5787191
gdb_131509,1.988309
gdb_5484,2.8059926
gdb_113959,2.2917492
gdb_113535,1.5843339
gdb_133833,2.2917025
gdb_1377,5.229964
gdb_30142,2.1687684
gdb_17128,3.7487943
gdb_131337,4.011948
gdb_88730,3.2110023
gdb_82503,2.0776465
gdb_77679,1.5190127
gdb_12658,3.5599945
gdb_51711,4.613785
gdb_25003,3.0498512
gdb_113883,3.1569133
gdb_69853,1.6666704
gdb_31314,3.0819235
gdb_95625,2.6286922
gdb_131103,1.5714117
gdb_6905,1.7010047
gdb_39778,1.9439596
gdb_91439,2.7873845
gdb_40799,1.3068447
gdb_27859,6.7674284
gdb_13330,2.9400206
gdb_19116,0.091758244
gdb_55390,2.5172133
gdb_129676,3.8711653
gdb_39061,1.7256559
gdb_113913,3.3470623
gdb_28199,1.0333014
gdb_7480,3.6768646
gdb_121051,2.9159865
gdb_72893,1.7889525
gdb_47797,2.2677555
gdb_65192,4.1113873
gdb_68699,2.905098
gdb_34985,1.7607192
gdb_53773,3.5934358
gdb_119406,1.6647208
gdb_104598,3.8304691
gdb_88460,1.69994
gdb_107892,1.980489
gdb_133776,2.3330352
gdb_52531,4.2379208
gdb_91130,1.4155123
gdb_3335,1.3653656
gdb_7576,4.941454
gdb_27955,3.9904313
gdb_112468,3.6150675
gdb_53978,2.9369767
gdb_42398,2.6452847
gdb_68859,2.1619756
gdb_51041,3.454346
gdb_7638,3.6247823
gdb_8853,3.3002436
gdb_81478,1.8624591
gdb_111480,2.4863706
gdb_34127,4.8031473
gdb_53970,3.9218845
gdb_131392,4.1185465
gdb_19554,1.7234184
gdb_81766,1.8066641
gdb_47670,3.584701
gdb_120114,3.358266
gdb_68455,2.7594523
gdb_2477,3.982428
gdb_24333,2.209545
gdb_68641,3.6488476
gdb_132155,3.6895938
gdb_96590,1.5443182
gdb_47437,2.500368
gdb_84998,2.499905
gdb_129964,4.0855894
gdb_8850,2.5075674
gdb_4788,1.7203288
gdb_131683,5.665379
gdb_35203,4.0460615
gdb_31739,1.7583652
gdb_53559,0.41942376
gdb_50804,2.9024706
gdb_70114,1.349398
gdb_115988,1.6609241
gdb_96388,4.1247087
gdb_127292,5.5311155
gdb_71130,2.0142272
gdb_64746,2.203212
gdb_8890,2.9255183
gdb_30403,3.776499
gdb_106293,1.5198326
gdb_93338,3.8593297
gdb_100582,3.9071257
gdb_114944,3.7162683
gdb_69057,3.0900168
gdb_125380,3.1221936
gdb_31494,2.0098302
gdb_98374,2.3525772
gdb_100888,1.5435271
gdb_101913,2.763437
gdb_35821,4.404997
gdb_58119,1.5709326
gdb_17252,0.3452617
gdb_11423,2.4533017
gdb_35832,4.538765
gdb_27064,3.9341671
gdb_1788,0.31886494
gdb_128515,2.1366575
gdb_51238,2.7917848
gdb_20879,1.8839004
gdb_104728,2.3752875
gdb_125128,3.5512073
gdb_55327,4.4226046
gdb_16417,0.31931996
gdb_25398,3.253934
gdb_45741,2.5318522
gdb_109616,1.2298374
gdb_16284,4.371558
gdb_40428,1.3453425
gdb_32645,2.4564207
gdb_105236,1.6458807
gdb_98684,2.726502
gdb_97247,2.298261
gdb_5751,2.9044573
gdb_56389,3.0698698
gdb_43427,4.2455053
gdb_53114,2.9641557
gdb_23130,0.73557615
gdb_106371,1.5421456
gdb_123535,1.1278049
gdb_132981,3.5812557
gdb_50536,3.3403692
gdb_38069,1.3784848
gdb_19286,0.28388023
gdb_127403,4.6267166
gdb_101704,1.3336251
gdb_29618,3.0705364
gdb_117184,2.687694
gdb_12602,1.9366513
gdb_8439,1.7710088
gdb_64784,4.9913025
gdb_70718,1.8834894
gdb_124266,2.114477
gdb_81722,4.286814
gdb_47995,3.4402015
gdb_16655,3.3018768
gdb_17509,4.4901514
gdb_55937,4.538645
gdb_11476,1.5971869
gdb_3097,2.0604804
gdb_77684,1.953006
gdb_119739,1.3423221
gdb_83758,1.2535306
gdb_129261,3.1352992
gdb_40186,1.9299726
gdb_124943,3.0341907
gdb_26889,4.6691637
gdb_70335,1.951351
gdb_62476,2.6395268
gdb_72292,1.4142675
gdb_4227,2.0386364
gdb_88063,2.6885228
gdb_5627,1.5338584
gdb_101740,1.4625553
gdb_50073,3.0038924
gdb_4452,4.979092
gdb_131492,2.290255
gdb_114819,1.8069843
gdb_44436,3.3528042
gdb_73808,0.4424677
gdb_106079,3.313506
gdb_38367,0.28895974
gdb_77956,4.028072
gdb_17989,3.8470037
gdb_25855,4.1232896
gdb_115422,1.6268349
gdb_37009,1.8612503
gdb_35247,1.6044677
gdb_82987,1.6372689
gdb_10420,1.8003408
gdb_87374,3.795314
gdb_69282,3.6580312
gdb_46742,3.114146
gdb_3624,1.7870032
gdb_8358,0.35455215
gdb_132915,3.7668128
gdb_126827,2.7106438
gdb_65976,2.8624206
gdb_45602,4.2822714
gdb_82686,4.2336283
gdb_132423,3.0334518
gdb_6500,1.3243474
gdb_102271,2.3770003
gdb_125266,3.4614635
gdb_51691,3.6789842
gdb_43118,2.9986837
gdb_71697,1.2755901
gdb_67371,1.7247102
gdb_98170,3.4756777
gdb_41182,2.1011307
gdb_32416,1.140315
gdb_31983,2.0632324
gdb_78205,3.0453134
gdb_35271,2.0653002
gdb_3355,0.36386418
gdb_61716,2.5027685
gdb_41901,1.7726136
gdb_45487,3.0199482
gdb_30685,1.4998678
gdb_7931,2.0727806
gdb_5143,2.7952075
gdb_120720,3.4693072
gdb_85840,3.9824011
gdb_13721,1.7398342
gdb_124701,3.0827003
gdb_78961,1.7974327
gdb_15303,2.8838305
gdb_15744,2.4659097
gdb_97741,2.2075136
gdb_129691,2.62025
gdb_12686,1.8023671
gdb_97157,3.6970236
gdb_24660,2.6781046
gdb_64305,3.5200253
gdb_130811,5.2643175
gdb_53657,3.9582782
gdb_111777,3.1304307
gdb_101729,1.5879914
gdb_32624,1.3866206
gdb_54384,11.332536
gdb_29107,5.7013736
gdb_63780,3.3937328
gdb_13267,0.405941
gdb_4098,1.1591167
gdb_19583,2.6605482
gdb_15019,1.0727373
gdb_38514,4.230372
gdb_68960,3.0015686
gdb_31917,3.6360157
gdb_121714,2.8645
gdb_71026,0.26478887
gdb_96525,2.792101
gdb_107444,2.1246293
gdb_115330,1.3771051
gdb_110048,3.0989532
gdb_61507,2.5017807
gdb_75205,1.6236006
gdb_74406,2.7172816
gdb_65930,0.81569743
gdb_80126,2.1073492
gdb_1247,2.981788
gdb_107425,1.4917339
gdb_56209,3.3646362
gdb_31364,7.743196
gdb_10722,2.0895422
gdb_3091,3.045885
gdb_84931,2.7138076
gdb_93939,3.1838393
gdb_17932,4.066986
gdb_122389,1.634076
gdb_13552,1.7907687
gdb_10358,1.3690797
gdb_119011,1.4466814
gdb_27270,1.3947304
gdb_21083,1.6790767
gdb_35639,4.19121
gdb_133356,4.3138413
gdb_24673,1.8562292
gdb_2053,3.9040263
gdb_120259,0.29137868
gdb_96769,2.1062083
gdb_125334,3.9613023
gdb_81910,4.021394
gdb_105421,3.265017
gdb_89871,4.012271
gdb_25378,2.93703
gdb_86844,3.537613
gdb_40869,1.521664
gdb_121763,2.4643126
gdb_45818,2.981788
gdb_119218,3.7589421
gdb_46711,3.2594275
gdb_44519,5.098639
gdb_33848,1.5207889
gdb_73593,0.89676213
gdb_18856,4.50203
gdb_128268,4.0258155
gdb_25456,3.079203
gdb_110378,1.5353038
gdb_63915,0.1992343
gdb_44759,5.042018
gdb_44651,4.1840277
gdb_62117,2.8143816
gdb_50049,4.774778
gdb_23249,3.7537615
gdb_31047,1.2406303
gdb_83665,4.2175846
gdb_46427,4.41932
gdb_97888,2.8068318
gdb_31288,4.1519613
gdb_125267,3.1581721
gdb_86671,3.3380413
gdb_28578,3.3883877
gdb_55291,2.533996
gdb_91140,1.6579667
gdb_92841,1.6693807
gdb_111865,1.777561
gdb_68065,3.1586661
gdb_93342,3.805756
gdb_44548,4.9382014
gdb_62397,1.3586093
gdb_55322,2.3960135
gdb_118408,1.2778089
gdb_129744,3.2057838
gdb_32324,3.726086
gdb_14771,3.1528034
gdb_2223,1.9371697
gdb_106166,2.0521266
gdb_46828,5.5033393
gdb_65714,2.9983225
gdb_74773,1.7741779
gdb_81421,1.9679629
gdb_32803,1.7341744
gdb_29436,3.257649
gdb_96272,3.3888052
gdb_14827,2.1836681
gdb_112748,1.7814606
gdb_30265,3.447347
gdb_46401,3.3699641
gdb_52004,2.5347996
gdb_132290,4.77217
gdb_102463,2.7553706
gdb_91307,4.02821
gdb_69117,3.1992989
gdb_107013,1.6106172
gdb_82334,3.6881413
gdb_86033,1.478848
gdb_85825,3.8131216
gdb_117997,3.8741782
gdb_1976,1.6635977
gdb_31028,1.0606742
gdb_103017,3.1496377
gdb_126980,3.112202
gdb_125282,4.536524
gdb_110701,0.987345
gdb_110375,1.6325763
gdb_83127,2.9158478
gdb_23743,2.1957462
gdb_86527,2.7838018
gdb_41336,0.37389767
gdb_13688,3.3516736
gdb_100830,2.9758313
gdb_68728,4.882862
gdb_126781,4.255907
gdb_21767,1.8826119
gdb_70394,4.410493
gdb_106866,3.8692613
gdb_116527,1.7502695
gdb_71319,3.9059296
gdb_100161,3.1885161
gdb_7370,5.313617
gdb_29955,5.442578
gdb_78899,1.515592
gdb_60506,3.6437435
gdb_14768,2.892478
gdb_58451,2.5992317
gdb_126131,3.1273403
gdb_11098,3.5072458
gdb_84466,4.72693
gdb_27174,1.3354267
gdb_100357,3.0330424
gdb_39301,1.5202857
gdb_57140,2.0710688
gdb_41882,1.7936276
gdb_39467,1.7982315
gdb_56604,2.561839
gdb_48539,2.9258
gdb_115242,3.3067966
gdb_66389,1.7595444
gdb_60121,0.2837764
gdb_93507,4.278646
gdb_131037,4.4396844
gdb_100124,1.3632805
gdb_68450,2.0371406
gdb_58778,1.5994331
gdb_83634,2.0415323
gdb_110092,3.2125456
gdb_130041,1.8797166
gdb_28735,2.899025
gdb_13618,2.0092454
gdb_112792,3.1161253
gdb_42601,3.068493
gdb_60317,3.1170554
gdb_124024,6.8248634
gdb_92875,4.4204082
gdb_28572,2.6328266
gdb_40151,1.8383803
gdb_34951,3.8240824
gdb_31419,5.0191183
gdb_118463,1.8469421
gdb_128484,2.5579035
gdb_69644,2.7380202
gdb_10554,1.9870309
gdb_89762,0.94766986
gdb_92348,1.9952875
gdb_102427,4.2474637
gdb_128349,4.4219027
gdb_60433,6.36114
gdb_32896,3.7907329
gdb_123838,5.4556513
gdb_61624,3.6970332
gdb_53911,3.1497545
gdb_128561,3.85875
gdb_20067,1.476516
gdb_92704,1.2955432
gdb_25810,3.5957544
gdb_124821,3.2440143
gdb_61941,4.3216615
gdb_131876,1.9094919
gdb_132454,2.052389
gdb_94464,1.8952531
gdb_12128,2.3167791
gdb_64798,4.2698283
gdb_16019,1.4199477
gdb_30522,3.8780098
gdb_132018,7.0690393
gdb_43730,3.1411371
gdb_25946,5.294361
gdb_53699,1.9484273
gdb_41999,2.365751
gdb_86515,3.237494
gdb_76581,2.1442132
gdb_51738,3.7793682
gdb_8069,1.8007487
gdb_125143,3.3277497
gdb_40568,2.059413
gdb_23248,3.1675627
gdb_124577,3.9290814
gdb_80002,1.4200441
gdb_86689,4.4791
gdb_115928,1.7775022
gdb_100400,4.223279
gdb_55153,2.838336
gdb_123840,2.2029622
gdb_119324,1.9250215
gdb_129982,3.7316937
gdb_124391,3.6384528
gdb_121191,1.2246437
gdb_129317,2.67489
gdb_13559,2.5778422
gdb_119534,3.268301
gdb_22715,1.4680429
gdb_18390,1.213735
gdb_7802,1.8895258
gdb_17456,1.7824881
gdb_78960,1.5967911
gdb_105092,1.0490558
gdb_87973,2.10021
gdb_4086,2.9411387
gdb_98330,4.036436
gdb_79356,1.5208267
gdb_8514,1.490894
gdb_105095,1.7649035
gdb_99147,3.508483
gdb_21855,3.311667
gdb_125120,6.700387
gdb_49932,3.9282079
gdb_28347,3.9448164
gdb_7615,2.9876528
gdb_30873,1.1030091
gdb_130519,2.7383966
gdb_133729,2.3061233
gdb_110404,3.1859398
gdb_124639,3.147354
gdb_94248,2.7037823
gdb_26336,1.9120368
gdb_72666,3.667903
gdb_112064,1.1301037
gdb_89960,2.1954918
gdb_69668,1.7717264
gdb_6055,1.1886454
gdb_13965,2.919555
gdb_118614,3.1781669
gdb_81363,1.5208789
gdb_100223,4.5120316
gdb_88058,3.0510528
gdb_29818,5.5627146
gdb_52300,3.8452923
gdb_46951,3.7618594
gdb_5934,2.2793846
gdb_109922,2.4219584
gdb_97802,2.1071649
gdb_79309,1.3539131
gdb_117916,3.1407933
gdb_104269,4.3655667
gdb_22940,1.5721823
gdb_7034,4.7692223
gdb_105882,1.9280821
gdb_86009,2.7323022
gdb_116581,2.3451881
gdb_65156,3.6500897
gdb_58026,2.7564945
gdb_133329,2.9972498
gdb_130262,5.902912
gdb_6896,1.2420795
gdb_63111,1.33525
gdb_16161,1.5948123
gdb_71158,1.6818575
gdb_128377,2.919123
gdb_105061,1.8305355
gdb_49658,2.784102
gdb_7907,3.7075756
gdb_80700,4.013871
gdb_64184,2.9599478
gdb_55129,3.2460582
gdb_64793,3.0194259
gdb_116790,2.3222497
gdb_72161,2.2100246
gdb_54436,2.6183543
gdb_76082,4.6170764
gdb_128794,3.3327978
gdb_88886,2.0090246
gdb_123696,2.256656
gdb_64835,4.546384
gdb_111542,2.166251
gdb_8037,1.5862678
gdb_3305,4.2794404
gdb_58938,1.6197194
gdb_32650,5.3753805
gdb_26061,1.5492386
gdb_128545,3.3148632
gdb_48357,3.6415157
gdb_127580,2.5659194
gdb_63831,3.0140998
gdb_120790,4.626582
gdb_82151,3.9894829
gdb_87443,1.6080511
gdb_92906,1.5769879
gdb_53193,1.5369426
gdb_81902,4.8533845
gdb_36693,4.0288305
gdb_118667,2.9718013
gdb_39589,1.4311345
gdb_22843,1.3178205
gdb_58037,3.807226
gdb_77628,4.0755095
gdb_36762,4.466511
gdb_20883,4.087274
gdb_49554,3.0170958
gdb_89017,3.6395283
gdb_78615,1.425638
gdb_5343,1.603733
gdb_125720,2.5567203
gdb_42591,3.1250467
gdb_123163,1.367917
gdb_102204,1.2382443
gdb_117974,1.7465137
gdb_105436,2.877337
gdb_49452,3.1867177
gdb_1615,3.8864727
gdb_13884,1.313982
gdb_21689,3.2562559
gdb_10074,4.605998
gdb_1701,3.874817
gdb_45047,3.2333164
gdb_8041,2.0562215
gdb_23226,1.1924483
gdb_88405,3.7896295
gdb_65033,2.0446324
gdb_70392,4.2042775
gdb_42766,2.8828166
gdb_38305,1.4744728
gdb_30683,2.852556
gdb_16706,2.9684262
gdb_88376,1.9997023
gdb_46419,3.7296176
gdb_76990,3.2118416
gdb_93334,3.2358704
gdb_93762,5.3463793
gdb_130064,3.066293
gdb_18099,2.3654375
gdb_125062,3.8150234
gdb_108504,1.2045431
gdb_102412,2.8901148
gdb_104510,3.9243417
gdb_132231,2.3524492
gdb_98420,2.9059844
gdb_3461,0.34061432
gdb_119240,2.3928246
gdb_75,3.8120565
gdb_50237,3.9298022
gdb_80818,2.1826563
gdb_53750,3.3341706
gdb_97599,4.439626
gdb_120415,2.57187
gdb_59073,3.9831617
gdb_115828,1.969437
gdb_10837,3.7614574
gdb_4457,0.9515864
gdb_76815,1.8247944
gdb_61661,3.6529555
gdb_73799,1.4075768
gdb_57839,1.8171598
gdb_102180,4.1180286
gdb_103297,2.0906987
gdb_35426,1.6703824
gdb_126247,4.6913676
gdb_112717,2.0980372
gdb_33611,4.2483873
gdb_113342,3.6040072
gdb_7722,3.0109785
gdb_61915,1.7840465
gdb_45075,3.8725839
gdb_119373,2.2116795
gdb_124165,1.0855478
gdb_3639,2.8283715
gdb_29929,2.1576567
gdb_27466,4.108593
gdb_43351,2.940506
gdb_130233,4.646491
gdb_103783,2.1531537
gdb_104802,0.43197656
gdb_121182,3.6549017
gdb_104064,1.8378427
gdb_82681,1.5952617
gdb_108611,6.992835
gdb_55227,4.076491
gdb_42293,3.7105007
gdb_124677,2.8777337
gdb_92134,1.5236427
gdb_42440,2.8957405
gdb_30910,2.467842
gdb_89,1.6621137
gdb_13803,2.9220517
gdb_77365,2.4888191
gdb_29763,6.2343597
gdb_14832,2.393477
gdb_113691,3.0076647
gdb_27346,4.8657103
gdb_125495,3.947645
gdb_21383,1.6014216
gdb_69160,2.8637538
gdb_35175,4.3876753
gdb_46921,2.7416694
gdb_2576,1.4760077
gdb_131354,3.4051485
gdb_114413,3.3546119
gdb_100753,2.5271876
gdb_112005,1.5283753
gdb_30511,2.3728466
gdb_28006,3.4463484
gdb_8620,2.6102715
gdb_45139,4.8030567
gdb_59096,2.411075
gdb_7335,15.026659
gdb_103176,1.9589735
gdb_79233,1.8380698
gdb_28183,2.8174715
gdb_318,1.5924504
gdb_118067,1.778108
gdb_2947,1.1985736
gdb_106397,2.7185047
gdb_61084,2.9523196
gdb_51576,3.630363
gdb_120075,0.9154897
gdb_26241,1.9936553
gdb_44004,3.7970963
gdb_19591,1.654169
gdb_62656,1.24668
gdb_19328,1.694146
gdb_12067,0.2594098
gdb_120043,2.4015236
gdb_71382,2.6115146
gdb_82574,1.5816472
gdb_124850,4.2772875
gdb_122453,0.8904461
gdb_82024,2.8074565
gdb_94849,1.6230879
gdb_127046,2.1893969
gdb_92705,1.422938
gdb_126951,1.9184977
gdb_4075,1.6565048
gdb_38750,0.29268122
gdb_108018,2.0397599
gdb_132839,4.0980954
gdb_105564,4.8600273
gdb_95400,1.4757046
gdb_99511,3.7829418
gdb_108425,1.5737395
gdb_58253,1.9088188
gdb_82780,1.6044961
gdb_92410,3.1326718
gdb_39049,2.1166437
gdb_88712,1.7672515
gdb_28315,1.4219176
gdb_45664,3.780259
gdb_21797,2.3207846
gdb_36005,1.0509601
gdb_45607,5.690427
gdb_110924,3.3497663
gdb_121431,2.6012409
gdb_20111,2.6881897
gdb_39762,1.5971953
gdb_53649,4.0649147
gdb_7703,3.3177202
gdb_79733,2.7197301
gdb_6077,4.1640987
gdb_7253,2.6163497
gdb_67380,3.2746506
gdb_82838,1.468578
gdb_72713,1.2783529
gdb_37216,1.4302374
gdb_21148,0.9503896
gdb_63119,3.876113
gdb_34754,0.92173713
gdb_29709,1.1773192
gdb_92048,1.5756217
gdb_13892,1.7761908
gdb_87815,2.1773899
gdb_76487,1.690561
gdb_43274,5.503356
gdb_114166,2.4819217
gdb_50182,3.9077878
gdb_63996,1.7378194
gdb_103650,0.3885175
gdb_110410,2.3397846
gdb_18093,0.34762833
gdb_17076,1.767728
gdb_55829,3.4365182
gdb_55649,2.7185488
gdb_5656,3.206569
gdb_3218,1.6914209
gdb_126205,3.1636996
gdb_127398,1.3881766
gdb_122220,1.6913625
gdb_33564,5.6185226
gdb_104847,1.402974
gdb_20751,4.7272873
gdb_91640,1.9480679
gdb_72915,1.6445885
gdb_29343,5.155685
gdb_78385,1.7931725
gdb_113544,1.7669021
gdb_54696,2.8050032
gdb_74281,1.3697761
gdb_130903,4.1423364
gdb_37584,1.6121895
gdb_46140,3.7196646
gdb_108533,1.5432673
gdb_50459,2.7781825
gdb_116202,1.760084
gdb_23994,4.6841044
gdb_44562,3.1384478
gdb_10234,2.2443004
gdb_88751,1.5879201
gdb_118142,1.2242398
gdb_106062,0.27456433
gdb_102613,3.5113637
gdb_122989,0.30479586
gdb_43277,3.7171688
gdb_55832,3.2954612
gdb_90200,1.9479239
gdb_55766,3.4306643
gdb_100628,1.6105438
gdb_18678,2.6990345
gdb_90515,4.3774815
gdb_96955,3.4721842
gdb_101698,1.9513389
gdb_105278,3.7252386
gdb_89305,2.4377787
gdb_27294,3.2628722
gdb_67917,4.2939043
gdb_26197,2.3990395
gdb_130086,2.5580075
gdb_15265,1.3828714
gdb_95644,2.30752
gdb_90146,2.134724
gdb_127886,4.548194
gdb_11558,3.9317605
gdb_124598,5.5459986
gdb_126399,0.8068954
gdb_53895,4.30188
gdb_40642,1.3432652
gdb_48331,1.8507378
gdb_70079,1.958716
gdb_22548,0.6763498
gdb_94424,2.944477
gdb_93578,2.4085555
gdb_61079,2.3823483
gdb_122349,1.7646433
gdb_26441,3.5452576
gdb_66404,3.5059118
gdb_82477,2.0535896
gdb_3688,2.2847812
gdb_1424,3.4422135
gdb_124523,2.0821438
gdb_80925,1.744697
gdb_15500,5.7568526
gdb_453,4.489063
gdb_110116,1.903155
gdb_23433,1.0676666
gdb_127763,4.689556
gdb_99276,3.2407413
gdb_22352,2.4286978
gdb_98236,2.8019533
gdb_67741,1.8225418
gdb_72702,1.3943106
gdb_2839,1.669715
gdb_48636,2.9228232
gdb_33649,0.92099744
gdb_104817,1.8716215
gdb_100387,2.571603
gdb_7988,3.157191
gdb_102162,3.9561903
gdb_43954,3.4459028
gdb_48528,3.1404424
gdb_43594,4.9207325
gdb_55792,1.7709486
gdb_4629,3.2746062
gdb_108712,5.176464
gdb_95876,2.9094222
gdb_39305,1.7725614
gdb_73045,1.630798
gdb_25996,3.497543
gdb_106610,2.9737663
gdb_39050,1.5178342
gdb_123534,2.1457105
gdb_34551,4.58524
gdb_50488,3.648233
gdb_75105,2.0200138
gdb_117566,1.8411008
gdb_11338,4.3981977
gdb_109099,4.4237857
gdb_114666,1.7898396
gdb_51223,3.2612085
gdb_21439,3.7909443
gdb_5771,2.8390732
gdb_116951,0.26635635
gdb_37720,1.1646575
gdb_56570,1.7717032
gdb_25924,2.3084142
gdb_46973,4.0634727
gdb_105990,1.5156882
gdb_11861,1.6721526
gdb_73932,1.86967
gdb_39791,2.0256035
gdb_30778,2.3933172
gdb_18403,1.5817975
gdb_99357,2.230533
gdb_30543,3.1797495
gdb_131100,3.3408802
gdb_75233,2.7682407
gdb_24804,6.5643387
gdb_35246,1.4303378
gdb_26469,2.8635976
gdb_58160,3.1377096
gdb_60378,1.3957254
gdb_53702,4.3193274
gdb_50987,2.3590379
gdb_91104,2.9030824
gdb_74582,1.3845118
gdb_60177,1.7832144
gdb_9130,1.2996619
gdb_44990,2.9343498
gdb_86095,6.171007
gdb_42538,2.6460843
gdb_10688,3.798847
gdb_56611,3.7758088
gdb_11066,1.7805847
gdb_27747,5.7652683
gdb_70312,1.6833882
gdb_60282,3.461206
gdb_56477,2.8432832
gdb_98131,2.913352
gdb_21592,3.02239
gdb_93023,1.7548345
gdb_84521,1.6930721
gdb_77975,0.36892343
gdb_99248,3.8024101
gdb_43575,3.522606
gdb_127249,2.459721
gdb_26098,1.0372244
gdb_123967,2.845179
gdb_13336,3.3243852
gdb_99875,3.6824918
gdb_49868,2.0483682
gdb_21387,3.0171747
gdb_89826,2.6449437
gdb_116298,1.8329614
